sgRNA	gene_symbol	gene_id	prefix	uniprot_entry
CAATACAAGTCACGCCCTT	TGGT1_214080	TGGT1_214080_1	CAATAC	A0A125YQJ5
TTTCTGCTGCTCATTACCGT	TGGT1_214080	TGGT1_214080_2	TTTCTG	A0A125YQJ5
TTCAGAAAGCTGGACCGATT	TGGT1_214080	TGGT1_214080_3	TTCAGA	A0A125YQJ5
CTGCTGACCGCATCCGAAT	TGGT1_214080	TGGT1_214080_4	CTGCTG	A0A125YQJ5
TGCGGTCAGCAGCGATCCGA	TGGT1_214080	TGGT1_214080_5	TGCGGT	A0A125YQJ5
CATACAACGACACTCCGGC	TGGT1_220950	TGGT1_220950_1	CATACA	S7ULI1
AAGATCCCGCCTCCTAACAA	TGGT1_220950	TGGT1_220950_2	AAGATC	S7ULI1
TGCGGCATACAACGACACTC	TGGT1_220950	TGGT1_220950_3	TGCGGC	S7ULI1
GGCAGCAGTACCCAGTGCA	TGGT1_220950	TGGT1_220950_4	GGCAGC	S7ULI1
ACTGGGTACTGCTGCCCAGC	TGGT1_220950	TGGT1_220950_5	ACTGGG	S7ULI1
CTCACCCTCTTGAAATAGCC	TGGT1_222170	TGGT1_222170_1	CTCACC	A0A125YI16
AAACTATGCGGAAGTCGCCA	TGGT1_222170	TGGT1_222170_2	AAACTA	A0A125YI16
ACACGGGCTTGCCAGATTTA	TGGT1_222170	TGGT1_222170_3	ACACGG	A0A125YI16
CGCTCGCATCGTGGGTGAAA	TGGT1_222170	TGGT1_222170_4	CGCTCG	A0A125YI16
CGGGATACAACGCGCCACA	TGGT1_222170	TGGT1_222170_5	CGGGAT	A0A125YI16
ATCAAGTGGTGACGTATGCA	TGGT1_223580	TGGT1_223580_1	ATCAAG	S7UVY7
ATCTGTTGTCAAGCCAGAA	TGGT1_223580	TGGT1_223580_2	ATCTGT	S7UVY7
CCCGTCTGAGAGCGTGGAAC	TGGT1_223580	TGGT1_223580_3	CCCGTC	S7UVY7
TTTTCCACTCGTCGCTAGCC	TGGT1_223580	TGGT1_223580_4	TTTTCC	S7UVY7
TCGACCCGGCTAGCGACGAG	TGGT1_223580	TGGT1_223580_5	TCGACC	S7UVY7
AAGGCACGTCGACTGGTCCC	TGGT1_227620	TGGT1_227620_1	AAGGCA	S7UXS8
GTTGTTGCCGTTGGCGCCC	TGGT1_227620	TGGT1_227620_2	GTTGTT	S7UXS8
ACGTTGACCAGGGCGCCAA	TGGT1_227620	TGGT1_227620_3	ACGTTG	S7UXS8
TGGTCCCTGGTTAACAACTC	TGGT1_227620	TGGT1_227620_4	TGGTCC	S7UXS8
CGCCGTAAAACATTGTTTGC	TGGT1_227620	TGGT1_227620_5	CGCCGT	S7UXS8
AAATTATGAGTTCCGCTTGT	TGGT1_231960	TGGT1_231960_1	AAATTA	S7WBR2
ATCTAGGATGAGTGCCACTC	TGGT1_231960	TGGT1_231960_2	ATCTAG	S7WBR2
CCAAGTATGTCTGGCAGCCT	TGGT1_231960	TGGT1_231960_3	CCAAGT	S7WBR2
CACTCGCCAACTAGCACAA	TGGT1_231960	TGGT1_231960_4	CACTCG	S7WBR2
CCCAAAACAACGGTCGACA	TGGT1_231960	TGGT1_231960_5	CCCAAA	S7WBR2
TGGACCCAGGTTCTTTGTCC	TGGT1_246030	TGGT1_246030_1	TGGACC	S7V142
TATTCCAGGACAAACCCCCA	TGGT1_246030	TGGT1_246030_2	TATTCC	S7V142
TGACGCTCGAAACGGAACTT	TGGT1_246030	TGGT1_246030_3	TGACGC	S7V142
AATCTACGTCTGCCGCAATC	TGGT1_246030	TGGT1_246030_4	AATCTA	S7V142
AGTTTCCGAGTCAGGAGGTG	TGGT1_246030	TGGT1_246030_5	AGTTTC	S7V142
ATGGATTGGCCTGGTCTTGT	TGGT1_254470	TGGT1_254470_1	ATGGAT	S7VVL5
ACAAGACCAGGCCAATCCAT	TGGT1_254470	TGGT1_254470_2	ACAAGA	S7VVL5
TGGAAGTGTCACTGGTCAT	TGGT1_254470	TGGT1_254470_3	TGGAAG	S7VVL5
CTGCCCTTGAAGTCACCGTC	TGGT1_254470	TGGT1_254470_4	CTGCCC	S7VVL5
CTGGGAGTGGACGCTGTACT	TGGT1_254470	TGGT1_254470_5	CTGGGA	S7VVL5
CCATCACCTACAAGCGACGA	TGGT1_272460	TGGT1_272460_1	CCATCA	A0A125YQM4
AGGTTCACAACGCGGTATTC	TGGT1_272460	TGGT1_272460_3	AGGTTC	A0A125YQM4
TCAGTAACTCGCGTACGCTC	TGGT1_272460	TGGT1_272460_4	TCAGTA	A0A125YQM4
ACGAGGCAGTGCTGCGCTAT	TGGT1_272460	TGGT1_272460_5	ACGAGG	A0A125YQM4
TGCCCTCTTCCTTTTACGA	TGGT1_272460	TGGT1_272460_6	TGCCCT	A0A125YQM4
GGTGTACTCGTCAATTCGT	TGGT1_275440	TGGT1_275440_1	GGTGTA	S7UQL8
TGGTGTTAAGCAGACCCCTT	TGGT1_275440	TGGT1_275440_2	TGGTGT	S7UQL8
TCAACTCTTCGGCGATGGG	TGGT1_275440	TGGT1_275440_3	TCAACT	S7UQL8
TGATACAACCTCCGAAGCGG	TGGT1_275440	TGGT1_275440_4	TGATAC	S7UQL8
CAACTGTGGAGACAGTTAC	TGGT1_275440	TGGT1_275440_5	CAACTG	S7UQL8
CGGGTCGTAACAACGAACGG	TGGT1_321530	TGGT1_321530_1	CGGGTC	A0A125YST8
ACCAACCCCCCGCCAACATC	TGGT1_321530	TGGT1_321530_2	ACCAAC	A0A125YST8
TTACGACCCGCACGTACTTC	TGGT1_321530	TGGT1_321530_3	TTACGA	A0A125YST8
TCAACGCAACTTCACAGCG	TGGT1_321530	TGGT1_321530_4	TCAACG	A0A125YST8
CTTCGCCCTGCCACTGAATG	TGGT1_321530	TGGT1_321530_5	CTTCGC	A0A125YST8
TACTATAATGATATTACGAC	nontargeting_TACTAT	TGGT1_000000_1	TACTAT	NON_TARGETING_CONTROL
CCATAATTATAATACATCC	nontargeting_CCATAA	TGGT1_000000_2	CCATAA	NON_TARGETING_CONTROL
TTAGGTAATTTATTAACCTA	nontargeting_TTAGGT	TGGT1_000000_3	TTAGGT	NON_TARGETING_CONTROL
GCATAGGGTAATTTATAAG	nontargeting_GCATAG	TGGT1_000000_4	GCATAG	NON_TARGETING_CONTROL
ATAATACGTGGGGATTATTA	nontargeting_ATAATA	TGGT1_000000_5	ATAATA	NON_TARGETING_CONTROL
