gene_id,sgRNA,gene_symbol,Name
TGGT1_214080_1,CAATACAAGTCACGCCCTT,TGGT1_214080,toxofilin
TGGT1_214080_2,TTTCTGCTGCTCATTACCGT,TGGT1_214080,toxofilin
TGGT1_214080_3,TTCAGAAAGCTGGACCGATT,TGGT1_214080,toxofilin
TGGT1_214080_4,CTGCTGACCGCATCCGAAT,TGGT1_214080,toxofilin
TGGT1_214080_5,TGCGGTCAGCAGCGATCCGA,TGGT1_214080,toxofilin
TGGT1_220950_1,CATACAACGACACTCCGGC,TGGT1_220950,hypothetical protein
TGGT1_220950_2,AAGATCCCGCCTCCTAACAA,TGGT1_220950,hypothetical protein
TGGT1_220950_3,TGCGGCATACAACGACACTC,TGGT1_220950,hypothetical protein
TGGT1_220950_4,GGCAGCAGTACCCAGTGCA,TGGT1_220950,hypothetical protein
TGGT1_220950_5,ACTGGGTACTGCTGCCCAGC,TGGT1_220950,hypothetical protein
TGGT1_222170_1,CTCACCCTCTTGAAATAGCC,TGGT1_222170,dense-granule antigen DG32
TGGT1_222170_2,AAACTATGCGGAAGTCGCCA,TGGT1_222170,dense-granule antigen DG32
TGGT1_222170_3,ACACGGGCTTGCCAGATTTA,TGGT1_222170,dense-granule antigen DG32
TGGT1_222170_4,CGCTCGCATCGTGGGTGAAA,TGGT1_222170,dense-granule antigen DG32
TGGT1_222170_5,CGGGATACAACGCGCCACA,TGGT1_222170,dense-granule antigen DG32
TGGT1_223580_1,ATCAAGTGGTGACGTATGCA,TGGT1_223580,mediator complex subunit MED4
TGGT1_223580_2,ATCTGTTGTCAAGCCAGAA,TGGT1_223580,mediator complex subunit MED4
TGGT1_223580_3,CCCGTCTGAGAGCGTGGAAC,TGGT1_223580,mediator complex subunit MED4
TGGT1_223580_4,TTTTCCACTCGTCGCTAGCC,TGGT1_223580,mediator complex subunit MED4
TGGT1_223580_5,TCGACCCGGCTAGCGACGAG,TGGT1_223580,mediator complex subunit MED4
TGGT1_227620_1,AAGGCACGTCGACTGGTCCC,TGGT1_227620,dense granule protein GRA2
TGGT1_227620_2,GTTGTTGCCGTTGGCGCCC,TGGT1_227620,dense granule protein GRA2
TGGT1_227620_3,ACGTTGACCAGGGCGCCAA,TGGT1_227620,dense granule protein GRA2
TGGT1_227620_4,TGGTCCCTGGTTAACAACTC,TGGT1_227620,dense granule protein GRA2
TGGT1_227620_5,CGCCGTAAAACATTGTTTGC,TGGT1_227620,dense granule protein GRA2
TGGT1_231960_1,AAATTATGAGTTCCGCTTGT,TGGT1_231960,putative omega secalin
TGGT1_231960_2,ATCTAGGATGAGTGCCACTC,TGGT1_231960,putative omega secalin
TGGT1_231960_3,CCAAGTATGTCTGGCAGCCT,TGGT1_231960,putative omega secalin
TGGT1_231960_4,CACTCGCCAACTAGCACAA,TGGT1_231960,putative omega secalin
TGGT1_231960_5,CCCAAAACAACGGTCGACA,TGGT1_231960,putative omega secalin
TGGT1_246030_1,TGGACCCAGGTTCTTTGTCC,TGGT1_246030,mediator complex subunit MED17
TGGT1_246030_2,TATTCCAGGACAAACCCCCA,TGGT1_246030,mediator complex subunit MED17
TGGT1_246030_3,TGACGCTCGAAACGGAACTT,TGGT1_246030,mediator complex subunit MED17
TGGT1_246030_4,AATCTACGTCTGCCGCAATC,TGGT1_246030,mediator complex subunit MED17
TGGT1_246030_5,AGTTTCCGAGTCAGGAGGTG,TGGT1_246030,mediator complex subunit MED17
TGGT1_254470_1,ATGGATTGGCCTGGTCTTGT,TGGT1_254470,hypothetical protein
TGGT1_254470_2,ACAAGACCAGGCCAATCCAT,TGGT1_254470,hypothetical protein
TGGT1_254470_3,TGGAAGTGTCACTGGTCAT,TGGT1_254470,hypothetical protein
TGGT1_254470_4,CTGCCCTTGAAGTCACCGTC,TGGT1_254470,hypothetical protein
TGGT1_254470_5,CTGGGAGTGGACGCTGTACT,TGGT1_254470,hypothetical protein
TGGT1_272460_1,CCATCACCTACAAGCGACGA,TGGT1_272460,hypothetical protein
TGGT1_272460_3,AGGTTCACAACGCGGTATTC,TGGT1_272460,hypothetical protein
TGGT1_272460_4,TCAGTAACTCGCGTACGCTC,TGGT1_272460,hypothetical protein
TGGT1_272460_5,ACGAGGCAGTGCTGCGCTAT,TGGT1_272460,hypothetical protein
TGGT1_272460_6,TGCCCTCTTCCTTTTACGA,TGGT1_272460,hypothetical protein
TGGT1_275440_1,GGTGTACTCGTCAATTCGT,TGGT1_275440,dense granule protein GRA6
TGGT1_275440_2,TGGTGTTAAGCAGACCCCTT,TGGT1_275440,dense granule protein GRA6
TGGT1_275440_3,TCAACTCTTCGGCGATGGG,TGGT1_275440,dense granule protein GRA6
TGGT1_275440_4,TGATACAACCTCCGAAGCGG,TGGT1_275440,dense granule protein GRA6
TGGT1_275440_5,CAACTGTGGAGACAGTTAC,TGGT1_275440,dense granule protein GRA6
TGGT1_321530_1,CGGGTCGTAACAACGAACGG,TGGT1_321530,cathepsin CPL
TGGT1_321530_2,ACCAACCCCCCGCCAACATC,TGGT1_321530,cathepsin CPL
TGGT1_321530_3,TTACGACCCGCACGTACTTC,TGGT1_321530,cathepsin CPL
TGGT1_321530_4,TCAACGCAACTTCACAGCG,TGGT1_321530,cathepsin CPL
TGGT1_321530_5,CTTCGCCCTGCCACTGAATG,TGGT1_321530,cathepsin CPL
TGGT1_000000_1,TACTATAATGATATTACGAC,nontargeting_1,nontargeting_1
TGGT1_000000_2,CCATAATTATAATACATCC,nontargeting_2,nontargeting_2
TGGT1_000000_3,TTAGGTAATTTATTAACCTA,nontargeting_3,nontargeting_3
TGGT1_000000_4,GCATAGGGTAATTTATAAG,nontargeting_4,nontargeting_4
TGGT1_000000_5,ATAATACGTGGGGATTATTA,nontargeting_5,nontargeting_5